run_id,segment_km,segment_distance_km,cum_distance_km,elevation_gain_m,prev_km_elevation_gain,cum_elevation_gain_m,elevation_loss_m,cum_elevation_loss_m,uphill_gradient,downhill_gradient,cum_dist_elev_gain,cum_dist_prev_elev_gain,cum_dist_up_grad,predicted_pace,Uncoached Pace_pace_min_per_km,Uncoached Pace_total_time_min,Negative Splits_pace_min_per_km,Negative Splits_total_time_min,Push Uphills_pace_min_per_km,Push Uphills_total_time_min,Final Plan_pace_min_per_km,Final Plan_total_time_min
1,1,1.0130549538193356,1.0130549538193356,11.420000000000002,0.0,11.420000000000002,1.0899999999999892,1.0899999999999892,11.27283367693457,1.0759534770454078,11.569087572616814,0.0,11.420000000000002,5.222016876266813,5.22,5.222016876266813,5.22,5.222016876266813,4.96,4.960916032453472,4.96,4.960916032453472
1,2,0.9953368817786185,2.008391835597954,8.759999999999977,11.420000000000002,20.17999999999998,2.1299999999999955,3.2199999999999847,8.801040291349684,2.139978974951465,17.59351247983803,22.93583476252864,17.675937465915343,5.308394155430912,5.31,10.530411031697724,5.31,10.530411031697724,5.31,10.269310187884384,5.31,10.269310187884384
1,3,1.0622621859137586,3.0706540215117126,4.960000000000008,8.759999999999977,25.139999999999983,6.25,9.469999999999985,4.669280395906602,5.883669853712948,15.230443946698118,26.89892922844253,14.33774462525641,5.279352722061304,5.28,15.809763753759029,5.28,15.809763753759029,5.28,15.548662909945689,5.28,15.548662909945689
1,4,0.9461536656496176,4.0168076871613305,0.2599999999999909,4.960000000000008,25.399999999999977,13.0,22.469999999999985,0.2747968003923317,13.739840019617066,1.0443699986619095,19.923366128320232,1.103805900223256,5.240544872451644,5.24,21.050308626210672,4.98,20.78828138258809,4.98,20.52718053877475,4.98,20.52718053877475
1,5,0.962821329115696,4.979629016277027,1.0899999999999892,0.2599999999999909,26.489999999999966,5.3500000000000085,27.82,1.132089586134429,5.556586500751619,5.427795627741905,1.2947035442319816,5.637386152140053,5.273765424154076,5.27,26.32407405036475,5.01,25.79835853553446,5.01,25.537257691721123,5.01,25.537257691721123
1,6,0.1356612774206176,5.115290293697645,0.9399999999999976,1.0899999999999892,27.429999999999964,0.0,27.82,6.9290221784181565,0.0,4.808372876075774,5.575666420130378,35.443959894078105,5.4896930634870005,5.49,31.81376711385175,5.22,31.01356694584711,5.22,30.75246610203377,5.22,30.75246610203377
