run_id,segment_km,segment_distance_km,cum_distance_km,elevation_gain_m,prev_km_elevation_gain,cum_elevation_gain_m,elevation_loss_m,cum_elevation_loss_m,uphill_gradient,downhill_gradient,cum_dist_elev_gain,cum_dist_prev_elev_gain,cum_dist_up_grad
1,1,1.0130549538193356,1.0130549538193356,11.420000000000002,0.0,11.420000000000002,1.0899999999999892,1.0899999999999892,11.27283367693457,1.0759534770454078,11.569087572616814,0.0,11.420000000000002
1,2,0.9953368817786183,2.008391835597954,8.759999999999977,11.420000000000002,20.17999999999998,2.1299999999999955,3.2199999999999847,8.801040291349684,2.139978974951465,17.59351247983803,22.93583476252864,17.675937465915343
1,3,1.0622621859137586,3.0706540215117126,4.960000000000008,8.759999999999977,25.139999999999986,6.25,9.469999999999985,4.669280395906602,5.883669853712948,15.230443946698118,26.89892922844253,14.33774462525641
1,4,0.9461536656496176,4.0168076871613305,0.2599999999999909,4.960000000000008,25.399999999999977,13.0,22.469999999999985,0.27479680039233173,13.739840019617066,1.0443699986619095,19.923366128320232,1.1038059002232559
1,5,0.9628213291156961,4.979629016277027,1.0899999999999892,0.2599999999999909,26.489999999999966,5.3500000000000085,27.819999999999993,1.132089586134429,5.556586500751619,5.427795627741905,1.2947035442319816,5.637386152140053
1,6,0.13566127742061762,5.115290293697645,0.9399999999999977,1.0899999999999892,27.429999999999964,0.0,27.819999999999993,6.9290221784181565,0.0,4.808372876075774,5.575666420130378,35.443959894078105
