run_id,segment_km,segment_distance_km,cum_distance_km,elevation_gain_m,prev_km_elevation_gain,cum_elevation_gain_m,elevation_loss_m,prev_km_elevation_loss,cum_elevation_loss_m,uphill_gradient,downhill_gradient,cum_dist_elev_gain,cum_dist_elev_loss,cum_dist_prev_elev_gain,cum_dist_prev_elev_loss,cum_dist_up_grad,cum_dist_down_grad,predicted_pace
1,1,1.0224123285090936,1.0224123285090936,12.139999999999986,0.0,12.139999999999986,1.8199999999999927,0.0,1.8199999999999927,11.873878729243051,1.7801037304136984,12.41208566810038,1.8607904378865436,0.0,0.0,12.139999999999986,1.8199999999999927,5.166850839682652
1,2,0.9184385914061928,1.9408509199152864,8.159999999999997,12.139999999999986,20.299999999999983,2.5,1.8199999999999927,4.319999999999993,8.884644086553978,2.722011055929529,15.83734350650873,4.852127299788216,23.56193016777155,3.532348674245808,17.2437696485082,5.283017661920407,5.277276405284266
1,3,0.9979512599166672,2.9388021798319537,5.739999999999981,8.159999999999997,26.039999999999964,5.719999999999999,2.5,10.039999999999992,5.751783910247574,5.731742851326868,16.868724512235357,16.809948468638773,23.98062578742873,7.347005449579884,16.903355093357927,16.84445838571562,5.268933970770171
1,4,0.9956436321159662,3.93444581194792,0.6399999999999864,5.739999999999981,26.67999999999995,10.269999999999996,5.719999999999999,20.309999999999988,0.6428002744715423,10.314935654410746,2.518045319646615,40.40675848870512,22.583718960580985,22.505030044342096,2.529062847813533,40.58355538600863,5.23467105368892
1,5,0.9086154920281948,4.843061303976114,1.4299999999999784,0.6399999999999864,28.10999999999993,8.07999999999997,10.269999999999996,28.38999999999996,1.573823044561962,8.892650489553004,6.925577664685739,39.13193533612686,3.099559234544647,49.73823959183467,7.622121486423913,43.0676514757384,5.277735064401983
